"year","em","sector","month","global_total","units"
2000,"CO2","AGR",1,0,"kt"
2000,"CO2","AGR",2,0,"kt"
2000,"CO2","AGR",3,0,"kt"
2000,"CO2","AGR",4,0,"kt"
2000,"CO2","AGR",5,0,"kt"
2000,"CO2","AGR",6,0,"kt"
2000,"CO2","AGR",7,0,"kt"
2000,"CO2","AGR",8,0,"kt"
2000,"CO2","AGR",9,0,"kt"
2000,"CO2","AGR",10,0,"kt"
2000,"CO2","AGR",11,0,"kt"
2000,"CO2","AGR",12,0,"kt"
2000,"CO2","ENE",1,990751.913291177,"kt"
2000,"CO2","ENE",2,849085.897128259,"kt"
2000,"CO2","ENE",3,907633.434931606,"kt"
2000,"CO2","ENE",4,850847.990712319,"kt"
2000,"CO2","ENE",5,873690.212961178,"kt"
2000,"CO2","ENE",6,857295.703639028,"kt"
2000,"CO2","ENE",7,904020.975207435,"kt"
2000,"CO2","ENE",8,898348.997156441,"kt"
2000,"CO2","ENE",9,842839.083801375,"kt"
2000,"CO2","ENE",10,880592.348488995,"kt"
2000,"CO2","ENE",11,876479.428440854,"kt"
2000,"CO2","ENE",12,971208.59641535,"kt"
2000,"CO2","IND",1,518542.915095804,"kt"
2000,"CO2","IND",2,470386.33131844,"kt"
2000,"CO2","IND",3,485975.232101796,"kt"
2000,"CO2","IND",4,474637.873106976,"kt"
2000,"CO2","IND",5,442728.586913382,"kt"
2000,"CO2","IND",6,415942.909352842,"kt"
2000,"CO2","IND",7,412402.855640413,"kt"
2000,"CO2","IND",8,429807.672997937,"kt"
2000,"CO2","IND",9,411603.647957282,"kt"
2000,"CO2","IND",10,460133.404270906,"kt"
2000,"CO2","IND",11,472468.242409196,"kt"
2000,"CO2","IND",12,520784.866816844,"kt"
2000,"CO2","TRA",1,385744.439069279,"kt"
2000,"CO2","TRA",2,348414.332062575,"kt"
2000,"CO2","TRA",3,385744.439069279,"kt"
2000,"CO2","TRA",4,373301.070067044,"kt"
2000,"CO2","TRA",5,385744.439069279,"kt"
2000,"CO2","TRA",6,373301.070067044,"kt"
2000,"CO2","TRA",7,385744.439069279,"kt"
2000,"CO2","TRA",8,385744.439069279,"kt"
2000,"CO2","TRA",9,373301.070067044,"kt"
2000,"CO2","TRA",10,385744.439069279,"kt"
2000,"CO2","TRA",11,373301.070067044,"kt"
2000,"CO2","TRA",12,385744.439069279,"kt"
2000,"CO2","SLV",1,3635.39361967288,"kt"
2000,"CO2","SLV",2,3283.58133389808,"kt"
2000,"CO2","SLV",3,3635.39361967288,"kt"
2000,"CO2","SLV",4,3518.12285774795,"kt"
2000,"CO2","SLV",5,3635.39361967288,"kt"
2000,"CO2","SLV",6,3518.12285774795,"kt"
2000,"CO2","SLV",7,3635.39361967288,"kt"
2000,"CO2","SLV",8,3635.39361967288,"kt"
2000,"CO2","SLV",9,3518.12285774795,"kt"
2000,"CO2","SLV",10,3635.39361967288,"kt"
2000,"CO2","SLV",11,3518.12285774795,"kt"
2000,"CO2","SLV",12,3635.39361967288,"kt"
2000,"CO2","WST",1,6389.84674005375,"kt"
2000,"CO2","WST",2,5771.47447488726,"kt"
2000,"CO2","WST",3,6389.84674005375,"kt"
2000,"CO2","WST",4,6183.72265166492,"kt"
2000,"CO2","WST",5,6389.84674005375,"kt"
2000,"CO2","WST",6,6183.72265166492,"kt"
2000,"CO2","WST",7,6389.84674005375,"kt"
2000,"CO2","WST",8,6389.84674005375,"kt"
2000,"CO2","WST",9,6183.72265166492,"kt"
2000,"CO2","WST",10,6389.84674005375,"kt"
2000,"CO2","WST",11,6183.72265166492,"kt"
2000,"CO2","WST",12,6389.84674005375,"kt"
2000,"CO2","SHP",1,64870.6927509036,"kt"
2000,"CO2","SHP",2,55669.8408187416,"kt"
2000,"CO2","SHP",3,68040.2023316452,"kt"
2000,"CO2","SHP",4,65321.3827590488,"kt"
2000,"CO2","SHP",5,68681.9293039549,"kt"
2000,"CO2","SHP",6,63879.2321397958,"kt"
2000,"CO2","SHP",7,70634.3025539582,"kt"
2000,"CO2","SHP",8,71606.3590326298,"kt"
2000,"CO2","SHP",9,68173.8351166968,"kt"
2000,"CO2","SHP",10,73286.0362316244,"kt"
2000,"CO2","SHP",11,71351.6834369939,"kt"
2000,"CO2","SHP",12,72084.8690033791,"kt"
2000,"CO2","RCO",1,428745.426067964,"kt"
2000,"CO2","RCO",2,330843.457303504,"kt"
2000,"CO2","RCO",3,299916.229027238,"kt"
2000,"CO2","RCO",4,193516.04531879,"kt"
2000,"CO2","RCO",5,166214.24806411,"kt"
2000,"CO2","RCO",6,156010.000036404,"kt"
2000,"CO2","RCO",7,164963.95287087,"kt"
2000,"CO2","RCO",8,164284.047955923,"kt"
2000,"CO2","RCO",9,156275.037794976,"kt"
2000,"CO2","RCO",10,188349.023795067,"kt"
2000,"CO2","RCO",11,260986.921861963,"kt"
2000,"CO2","RCO",12,402828.001361469,"kt"
2001,"CO2","AGR",1,0,"kt"
2001,"CO2","AGR",2,0,"kt"
2001,"CO2","AGR",3,0,"kt"
2001,"CO2","AGR",4,0,"kt"
2001,"CO2","AGR",5,0,"kt"
2001,"CO2","AGR",6,0,"kt"
2001,"CO2","AGR",7,0,"kt"
2001,"CO2","AGR",8,0,"kt"
2001,"CO2","AGR",9,0,"kt"
2001,"CO2","AGR",10,0,"kt"
2001,"CO2","AGR",11,0,"kt"
2001,"CO2","AGR",12,0,"kt"
2001,"CO2","ENE",1,999541.934077514,"kt"
2001,"CO2","ENE",2,857759.511627506,"kt"
2001,"CO2","ENE",3,917541.489111145,"kt"
2001,"CO2","ENE",4,860642.981591089,"kt"
2001,"CO2","ENE",5,882875.889759002,"kt"
2001,"CO2","ENE",6,865604.779050587,"kt"
2001,"CO2","ENE",7,911992.718064096,"kt"
2001,"CO2","ENE",8,906359.589205904,"kt"
2001,"CO2","ENE",9,851670.73768406,"kt"
2001,"CO2","ENE",10,890246.586346794,"kt"
2001,"CO2","ENE",11,885722.08253867,"kt"
2001,"CO2","ENE",12,979859.779339586,"kt"
2001,"CO2","IND",1,517600.678519419,"kt"
2001,"CO2","IND",2,469504.196700189,"kt"
2001,"CO2","IND",3,485560.486619066,"kt"
2001,"CO2","IND",4,474169.901739334,"kt"
2001,"CO2","IND",5,443019.046908011,"kt"
2001,"CO2","IND",6,416429.283717599,"kt"
2001,"CO2","IND",7,413186.394263448,"kt"
2001,"CO2","IND",8,430310.259841519,"kt"
2001,"CO2","IND",9,412156.62709349,"kt"
2001,"CO2","IND",10,460142.912486082,"kt"
2001,"CO2","IND",11,472033.57342728,"kt"
2001,"CO2","IND",12,519808.217775209,"kt"
2001,"CO2","TRA",1,392326.605615092,"kt"
2001,"CO2","TRA",2,354359.514749115,"kt"
2001,"CO2","TRA",3,392326.605615092,"kt"
2001,"CO2","TRA",4,379670.908659767,"kt"
2001,"CO2","TRA",5,392326.605615092,"kt"
2001,"CO2","TRA",6,379670.908659767,"kt"
2001,"CO2","TRA",7,392326.605615092,"kt"
2001,"CO2","TRA",8,392326.605615092,"kt"
2001,"CO2","TRA",9,379670.908659767,"kt"
2001,"CO2","TRA",10,392326.605615092,"kt"
2001,"CO2","TRA",11,379670.908659767,"kt"
2001,"CO2","TRA",12,392326.605615092,"kt"
2001,"CO2","SLV",1,3695.51373248493,"kt"
2001,"CO2","SLV",2,3337.88337127671,"kt"
2001,"CO2","SLV",3,3695.51373248493,"kt"
2001,"CO2","SLV",4,3576.30361208219,"kt"
2001,"CO2","SLV",5,3695.51373248493,"kt"
2001,"CO2","SLV",6,3576.30361208219,"kt"
2001,"CO2","SLV",7,3695.51373248493,"kt"
2001,"CO2","SLV",8,3695.51373248493,"kt"
2001,"CO2","SLV",9,3576.30361208219,"kt"
2001,"CO2","SLV",10,3695.51373248493,"kt"
2001,"CO2","SLV",11,3576.30361208219,"kt"
2001,"CO2","SLV",12,3695.51373248493,"kt"
2001,"CO2","WST",1,6652.55461556859,"kt"
2001,"CO2","WST",2,6008.75900761034,"kt"
2001,"CO2","WST",3,6652.55461556859,"kt"
2001,"CO2","WST",4,6437.95607958251,"kt"
2001,"CO2","WST",5,6652.55461556859,"kt"
2001,"CO2","WST",6,6437.95607958251,"kt"
2001,"CO2","WST",7,6652.55461556859,"kt"
2001,"CO2","WST",8,6652.55461556859,"kt"
2001,"CO2","WST",9,6437.95607958251,"kt"
2001,"CO2","WST",10,6652.55461556859,"kt"
2001,"CO2","WST",11,6437.95607958251,"kt"
2001,"CO2","WST",12,6652.55461556859,"kt"
2001,"CO2","SHP",1,66217.6078754398,"kt"
2001,"CO2","SHP",2,56825.7179552355,"kt"
2001,"CO2","SHP",3,69452.926224527,"kt"
2001,"CO2","SHP",4,66677.6555944819,"kt"
2001,"CO2","SHP",5,70107.9774227416,"kt"
2001,"CO2","SHP",6,65205.5614923007,"kt"
2001,"CO2","SHP",7,72100.8879469385,"kt"
2001,"CO2","SHP",8,73093.1273081647,"kt"
2001,"CO2","SHP",9,69589.3336372523,"kt"
2001,"CO2","SHP",10,74807.6797725176,"kt"
2001,"CO2","SHP",11,72833.1638637782,"kt"
2001,"CO2","SHP",12,73581.5726178092,"kt"
2001,"CO2","RCO",1,436511.117572263,"kt"
2001,"CO2","RCO",2,336439.111519111,"kt"
2001,"CO2","RCO",3,304428.39639986,"kt"
2001,"CO2","RCO",4,196393.568725433,"kt"
2001,"CO2","RCO",5,168385.117196987,"kt"
2001,"CO2","RCO",6,158059.912222664,"kt"
2001,"CO2","RCO",7,167150.240340995,"kt"
2001,"CO2","RCO",8,166441.252157354,"kt"
2001,"CO2","RCO",9,158302.04797462,"kt"
2001,"CO2","RCO",10,190986.458117754,"kt"
2001,"CO2","RCO",11,265429.130712416,"kt"
2001,"CO2","RCO",12,410012.128790959,"kt"
2002,"CO2","AGR",1,0,"kt"
2002,"CO2","AGR",2,0,"kt"
2002,"CO2","AGR",3,0,"kt"
2002,"CO2","AGR",4,0,"kt"
2002,"CO2","AGR",5,0,"kt"
2002,"CO2","AGR",6,0,"kt"
2002,"CO2","AGR",7,0,"kt"
2002,"CO2","AGR",8,0,"kt"
2002,"CO2","AGR",9,0,"kt"
2002,"CO2","AGR",10,0,"kt"
2002,"CO2","AGR",11,0,"kt"
2002,"CO2","AGR",12,0,"kt"
2002,"CO2","ENE",1,1028390.5754896,"kt"
2002,"CO2","ENE",2,882688.48051075,"kt"
2002,"CO2","ENE",3,944668.071912002,"kt"
2002,"CO2","ENE",4,886657.816867101,"kt"
2002,"CO2","ENE",5,910057.584703097,"kt"
2002,"CO2","ENE",6,892278.083288413,"kt"
2002,"CO2","ENE",7,940038.888857521,"kt"
2002,"CO2","ENE",8,934186.06851007,"kt"
2002,"CO2","ENE",9,877928.55760864,"kt"
2002,"CO2","ENE",10,917525.852344688,"kt"
2002,"CO2","ENE",11,912457.908379404,"kt"
2002,"CO2","ENE",12,1008677.28293774,"kt"
2002,"CO2","IND",1,523866.350496817,"kt"
2002,"CO2","IND",2,475176.019504243,"kt"
2002,"CO2","IND",3,491920.26781142,"kt"
2002,"CO2","IND",4,480351.327655336,"kt"
2002,"CO2","IND",5,449554.607240525,"kt"
2002,"CO2","IND",6,422819.655456916,"kt"
2002,"CO2","IND",7,419829.909938008,"kt"
2002,"CO2","IND",8,436913.643972146,"kt"
2002,"CO2","IND",9,418520.199877148,"kt"
2002,"CO2","IND",10,466638.341274664,"kt"
2002,"CO2","IND",11,478201.599865452,"kt"
2002,"CO2","IND",12,526087.735879698,"kt"
2002,"CO2","TRA",1,401307.010632445,"kt"
2002,"CO2","TRA",2,362470.848313176,"kt"
2002,"CO2","TRA",3,401307.010632445,"kt"
2002,"CO2","TRA",4,388361.623192689,"kt"
2002,"CO2","TRA",5,401307.010632445,"kt"
2002,"CO2","TRA",6,388361.623192689,"kt"
2002,"CO2","TRA",7,401307.010632445,"kt"
2002,"CO2","TRA",8,401307.010632445,"kt"
2002,"CO2","TRA",9,388361.623192689,"kt"
2002,"CO2","TRA",10,401307.010632445,"kt"
2002,"CO2","TRA",11,388361.623192689,"kt"
2002,"CO2","TRA",12,401307.010632445,"kt"
2002,"CO2","SLV",1,3685.34781858959,"kt"
2002,"CO2","SLV",2,3328.70125550027,"kt"
2002,"CO2","SLV",3,3685.34781858959,"kt"
2002,"CO2","SLV",4,3566.46563089315,"kt"
2002,"CO2","SLV",5,3685.34781858959,"kt"
2002,"CO2","SLV",6,3566.46563089315,"kt"
2002,"CO2","SLV",7,3685.34781858959,"kt"
2002,"CO2","SLV",8,3685.34781858959,"kt"
2002,"CO2","SLV",9,3566.46563089315,"kt"
2002,"CO2","SLV",10,3685.34781858959,"kt"
2002,"CO2","SLV",11,3566.46563089315,"kt"
2002,"CO2","SLV",12,3685.34781858959,"kt"
2002,"CO2","WST",1,6944.95149763534,"kt"
2002,"CO2","WST",2,6272.85941721902,"kt"
2002,"CO2","WST",3,6944.95149763534,"kt"
2002,"CO2","WST",4,6720.92080416324,"kt"
2002,"CO2","WST",5,6944.95149763534,"kt"
2002,"CO2","WST",6,6720.92080416324,"kt"
2002,"CO2","WST",7,6944.95149763534,"kt"
2002,"CO2","WST",8,6944.95149763534,"kt"
2002,"CO2","WST",9,6720.92080416324,"kt"
2002,"CO2","WST",10,6944.95149763534,"kt"
2002,"CO2","WST",11,6720.92080416324,"kt"
2002,"CO2","WST",12,6944.95149763534,"kt"
2002,"CO2","SHP",1,66764.0524901442,"kt"
2002,"CO2","SHP",2,57294.6582952695,"kt"
2002,"CO2","SHP",3,70026.0695126724,"kt"
2002,"CO2","SHP",4,67227.8966404777,"kt"
2002,"CO2","SHP",5,70686.5263606999,"kt"
2002,"CO2","SHP",6,65743.654441736,"kt"
2002,"CO2","SHP",7,72695.8828916082,"kt"
2002,"CO2","SHP",8,73696.3104654992,"kt"
2002,"CO2","SHP",9,70163.6025942112,"kt"
2002,"CO2","SHP",10,75425.0118547504,"kt"
2002,"CO2","SHP",11,73434.201736365,"kt"
2002,"CO2","SHP",12,74188.7865506066,"kt"
2002,"CO2","RCO",1,435714.687211045,"kt"
2002,"CO2","RCO",2,335471.056693611,"kt"
2002,"CO2","RCO",3,302688.66723935,"kt"
2002,"CO2","RCO",4,195452.0976133,"kt"
2002,"CO2","RCO",5,168590.99315257,"kt"
2002,"CO2","RCO",6,158372.579024464,"kt"
2002,"CO2","RCO",7,167460.682743361,"kt"
2002,"CO2","RCO",8,166743.067222946,"kt"
2002,"CO2","RCO",9,158542.236672512,"kt"
2002,"CO2","RCO",10,190195.762700538,"kt"
2002,"CO2","RCO",11,263664.220594798,"kt"
2002,"CO2","RCO",12,408584.027188994,"kt"
2003,"CO2","AGR",1,0,"kt"
2003,"CO2","AGR",2,0,"kt"
2003,"CO2","AGR",3,0,"kt"
2003,"CO2","AGR",4,0,"kt"
2003,"CO2","AGR",5,0,"kt"
2003,"CO2","AGR",6,0,"kt"
2003,"CO2","AGR",7,0,"kt"
2003,"CO2","AGR",8,0,"kt"
2003,"CO2","AGR",9,0,"kt"
2003,"CO2","AGR",10,0,"kt"
2003,"CO2","AGR",11,0,"kt"
2003,"CO2","AGR",12,0,"kt"
2003,"CO2","ENE",1,1086803.50457774,"kt"
2003,"CO2","ENE",2,934457.430957712,"kt"
2003,"CO2","ENE",3,1000637.49702466,"kt"
2003,"CO2","ENE",4,939786.661072336,"kt"
2003,"CO2","ENE",5,963908.315785017,"kt"
2003,"CO2","ENE",6,943819.321772864,"kt"
2003,"CO2","ENE",7,993290.706449188,"kt"
2003,"CO2","ENE",8,987481.106367325,"kt"
2003,"CO2","ENE",9,929450.157815403,"kt"
2003,"CO2","ENE",10,971663.761998123,"kt"
2003,"CO2","ENE",11,966151.713030048,"kt"
2003,"CO2","ENE",12,1066090.92232034,"kt"
2003,"CO2","IND",1,552262.4312994,"kt"
2003,"CO2","IND",2,500849.21075918,"kt"
2003,"CO2","IND",3,518835.527760275,"kt"
2003,"CO2","IND",4,506452.178280776,"kt"
2003,"CO2","IND",5,474318.159697245,"kt"
2003,"CO2","IND",6,446108.226072656,"kt"
2003,"CO2","IND",7,443140.451056383,"kt"
2003,"CO2","IND",8,460978.500275077,"kt"
2003,"CO2","IND",9,441754.945624404,"kt"
2003,"CO2","IND",10,492156.208915939,"kt"
2003,"CO2","IND",11,504275.53805665,"kt"
2003,"CO2","IND",12,554511.626197664,"kt"
2003,"CO2","TRA",1,411459.533143856,"kt"
2003,"CO2","TRA",2,371640.868646063,"kt"
2003,"CO2","TRA",3,411459.533143856,"kt"
2003,"CO2","TRA",4,398186.644977925,"kt"
2003,"CO2","TRA",5,411459.533143856,"kt"
2003,"CO2","TRA",6,398186.644977925,"kt"
2003,"CO2","TRA",7,411459.533143856,"kt"
2003,"CO2","TRA",8,411459.533143856,"kt"
2003,"CO2","TRA",9,398186.644977925,"kt"
2003,"CO2","TRA",10,411459.533143856,"kt"
2003,"CO2","TRA",11,398186.644977925,"kt"
2003,"CO2","TRA",12,411459.533143856,"kt"
2003,"CO2","SLV",1,3748.66913918247,"kt"
2003,"CO2","SLV",2,3385.89470635836,"kt"
2003,"CO2","SLV",3,3748.66913918247,"kt"
2003,"CO2","SLV",4,3627.7443282411,"kt"
2003,"CO2","SLV",5,3748.66913918247,"kt"
2003,"CO2","SLV",6,3627.7443282411,"kt"
2003,"CO2","SLV",7,3748.66913918247,"kt"
2003,"CO2","SLV",8,3748.66913918247,"kt"
2003,"CO2","SLV",9,3627.7443282411,"kt"
2003,"CO2","SLV",10,3748.66913918247,"kt"
2003,"CO2","SLV",11,3627.7443282411,"kt"
2003,"CO2","SLV",12,3748.66913918247,"kt"
2003,"CO2","WST",1,7250.36865474339,"kt"
2003,"CO2","WST",2,6548.72007525209,"kt"
2003,"CO2","WST",3,7250.36865474339,"kt"
2003,"CO2","WST",4,7016.48579491296,"kt"
2003,"CO2","WST",5,7250.36865474339,"kt"
2003,"CO2","WST",6,7016.48579491296,"kt"
2003,"CO2","WST",7,7250.36865474339,"kt"
2003,"CO2","WST",8,7250.36865474339,"kt"
2003,"CO2","WST",9,7016.48579491296,"kt"
2003,"CO2","WST",10,7250.36865474339,"kt"
2003,"CO2","WST",11,7016.48579491296,"kt"
2003,"CO2","WST",12,7250.36865474339,"kt"
2003,"CO2","SHP",1,69601.6394556568,"kt"
2003,"CO2","SHP",2,59729.7797342527,"kt"
2003,"CO2","SHP",3,73002.2978074508,"kt"
2003,"CO2","SHP",4,70085.1977795002,"kt"
2003,"CO2","SHP",5,73690.8252065211,"kt"
2003,"CO2","SHP",6,68537.8727366271,"kt"
2003,"CO2","SHP",7,75785.582843092,"kt"
2003,"CO2","SHP",8,76828.530308118,"kt"
2003,"CO2","SHP",9,73145.676281307,"kt"
2003,"CO2","SHP",10,78630.7044772027,"kt"
2003,"CO2","SHP",11,76555.2815075591,"kt"
2003,"CO2","SHP",12,77341.9374731674,"kt"
2003,"CO2","RCO",1,448766.011382636,"kt"
2003,"CO2","RCO",2,345225.449770514,"kt"
2003,"CO2","RCO",3,311034.085390375,"kt"
2003,"CO2","RCO",4,200864.07414487,"kt"
2003,"CO2","RCO",5,173419.593585132,"kt"
2003,"CO2","RCO",6,162953.905764126,"kt"
2003,"CO2","RCO",7,172330.798131888,"kt"
2003,"CO2","RCO",8,171583.952643815,"kt"
2003,"CO2","RCO",9,163104.201649874,"kt"
2003,"CO2","RCO",10,195702.947332964,"kt"
2003,"CO2","RCO",11,271536.021540094,"kt"
2003,"CO2","RCO",12,420984.630140744,"kt"
2004,"CO2","AGR",1,0,"kt"
2004,"CO2","AGR",2,0,"kt"
2004,"CO2","AGR",3,0,"kt"
2004,"CO2","AGR",4,0,"kt"
2004,"CO2","AGR",5,0,"kt"
2004,"CO2","AGR",6,0,"kt"
2004,"CO2","AGR",7,0,"kt"
2004,"CO2","AGR",8,0,"kt"
2004,"CO2","AGR",9,0,"kt"
2004,"CO2","AGR",10,0,"kt"
2004,"CO2","AGR",11,0,"kt"
2004,"CO2","AGR",12,0,"kt"
2004,"CO2","ENE",1,1129016.70591283,"kt"
2004,"CO2","ENE",2,972085.646640739,"kt"
2004,"CO2","ENE",3,1043127.84375736,"kt"
2004,"CO2","ENE",4,980808.046070102,"kt"
2004,"CO2","ENE",5,1007938.90698193,"kt"
2004,"CO2","ENE",6,987873.534808186,"kt"
2004,"CO2","ENE",7,1039709.38340887,"kt"
2004,"CO2","ENE",8,1033718.73270421,"kt"
2004,"CO2","ENE",9,972699.538502881,"kt"
2004,"CO2","ENE",10,1015032.51205857,"kt"
2004,"CO2","ENE",11,1007275.48237072,"kt"
2004,"CO2","ENE",12,1108880.45604027,"kt"
2004,"CO2","IND",1,599341.291135339,"kt"
2004,"CO2","IND",2,543473.298990499,"kt"
2004,"CO2","IND",3,563498.499826275,"kt"
2004,"CO2","IND",4,549891.367360634,"kt"
2004,"CO2","IND",5,515637.537587322,"kt"
2004,"CO2","IND",6,485088.461387976,"kt"
2004,"CO2","IND",7,482156.036168115,"kt"
2004,"CO2","IND",8,501258.076767575,"kt"
2004,"CO2","IND",9,480518.222891479,"kt"
2004,"CO2","IND",10,534739.578186782,"kt"
2004,"CO2","IND",11,547606.248112386,"kt"
2004,"CO2","IND",12,601702.581025195,"kt"
2004,"CO2","TRA",1,428717.864569855,"kt"
2004,"CO2","TRA",2,387229.038966321,"kt"
2004,"CO2","TRA",3,428717.864569855,"kt"
2004,"CO2","TRA",4,414888.256035344,"kt"
2004,"CO2","TRA",5,428717.864569855,"kt"
2004,"CO2","TRA",6,414888.256035344,"kt"
2004,"CO2","TRA",7,428717.864569855,"kt"
2004,"CO2","TRA",8,428717.864569855,"kt"
2004,"CO2","TRA",9,414888.256035344,"kt"
2004,"CO2","TRA",10,428717.864569855,"kt"
2004,"CO2","TRA",11,414888.256035344,"kt"
2004,"CO2","TRA",12,428717.864569855,"kt"
2004,"CO2","SLV",1,3818.42513572055,"kt"
2004,"CO2","SLV",2,3448.9001225863,"kt"
2004,"CO2","SLV",3,3818.42513572055,"kt"
2004,"CO2","SLV",4,3695.25013134247,"kt"
2004,"CO2","SLV",5,3818.42513572055,"kt"
2004,"CO2","SLV",6,3695.25013134247,"kt"
2004,"CO2","SLV",7,3818.42513572055,"kt"
2004,"CO2","SLV",8,3818.42513572055,"kt"
2004,"CO2","SLV",9,3695.25013134247,"kt"
2004,"CO2","SLV",10,3818.42513572055,"kt"
2004,"CO2","SLV",11,3695.25013134247,"kt"
2004,"CO2","SLV",12,3818.42513572055,"kt"
2004,"CO2","WST",1,7557.10831559724,"kt"
2004,"CO2","WST",2,6825.77525279751,"kt"
2004,"CO2","WST",3,7557.10831559724,"kt"
2004,"CO2","WST",4,7313.33062799733,"kt"
2004,"CO2","WST",5,7557.10831559724,"kt"
2004,"CO2","WST",6,7313.33062799733,"kt"
2004,"CO2","WST",7,7557.10831559724,"kt"
2004,"CO2","WST",8,7557.10831559724,"kt"
2004,"CO2","WST",9,7313.33062799733,"kt"
2004,"CO2","WST",10,7557.10831559724,"kt"
2004,"CO2","WST",11,7313.33062799733,"kt"
2004,"CO2","WST",12,7557.10831559724,"kt"
2004,"CO2","SHP",1,75233.2858086414,"kt"
2004,"CO2","SHP",2,64562.6687126695,"kt"
2004,"CO2","SHP",3,78909.1001101287,"kt"
2004,"CO2","SHP",4,75755.9700710723,"kt"
2004,"CO2","SHP",5,79653.3380189834,"kt"
2004,"CO2","SHP",6,74083.4470084007,"kt"
2004,"CO2","SHP",7,81917.5878441958,"kt"
2004,"CO2","SHP",8,83044.9228514364,"kt"
2004,"CO2","SHP",9,79064.0797023738,"kt"
2004,"CO2","SHP",10,84992.9155337939,"kt"
2004,"CO2","SHP",11,82749.5647927745,"kt"
2004,"CO2","SHP",12,83599.8711010244,"kt"
2004,"CO2","RCO",1,458434.712598058,"kt"
2004,"CO2","RCO",2,352413.314739056,"kt"
2004,"CO2","RCO",3,316694.295733316,"kt"
2004,"CO2","RCO",4,206246.640879269,"kt"
2004,"CO2","RCO",5,179663.533219625,"kt"
2004,"CO2","RCO",6,168987.93458752,"kt"
2004,"CO2","RCO",7,178657.733798886,"kt"
2004,"CO2","RCO",8,177869.564651362,"kt"
2004,"CO2","RCO",9,169076.24906713,"kt"
2004,"CO2","RCO",10,201648.05671211,"kt"
2004,"CO2","RCO",11,277625.962547553,"kt"
2004,"CO2","RCO",12,429730.786971613,"kt"
2005,"CO2","AGR",1,0,"kt"
2005,"CO2","AGR",2,0,"kt"
2005,"CO2","AGR",3,0,"kt"
2005,"CO2","AGR",4,0,"kt"
2005,"CO2","AGR",5,0,"kt"
2005,"CO2","AGR",6,0,"kt"
2005,"CO2","AGR",7,0,"kt"
2005,"CO2","AGR",8,0,"kt"
2005,"CO2","AGR",9,0,"kt"
2005,"CO2","AGR",10,0,"kt"
2005,"CO2","AGR",11,0,"kt"
2005,"CO2","AGR",12,0,"kt"
2005,"CO2","ENE",1,1170009.35175963,"kt"
2005,"CO2","ENE",2,1007907.31739393,"kt"
2005,"CO2","ENE",3,1082510.20691211,"kt"
2005,"CO2","ENE",4,1018564.15513723,"kt"
2005,"CO2","ENE",5,1047855.32347628,"kt"
2005,"CO2","ENE",6,1027381.83020364,"kt"
2005,"CO2","ENE",7,1081447.76736587,"kt"
2005,"CO2","ENE",8,1075230.58391965,"kt"
2005,"CO2","ENE",9,1011503.34079674,"kt"
2005,"CO2","ENE",10,1054602.91546499,"kt"
2005,"CO2","ENE",11,1045622.31517254,"kt"
2005,"CO2","ENE",12,1149955.14792635,"kt"
2005,"CO2","IND",1,624366.088881971,"kt"
2005,"CO2","IND",2,566130.043238685,"kt"
2005,"CO2","IND",3,587793.893555394,"kt"
2005,"CO2","IND",4,573518.112544669,"kt"
2005,"CO2","IND",5,538987.462324817,"kt"
2005,"CO2","IND",6,507418.530693969,"kt"
2005,"CO2","IND",7,504836.011701955,"kt"
2005,"CO2","IND",8,524332.481717101,"kt"
2005,"CO2","IND",9,502733.218364197,"kt"
2005,"CO2","IND",10,558483.932339963,"kt"
2005,"CO2","IND",11,571175.456379783,"kt"
2005,"CO2","IND",12,626786.833585687,"kt"
2005,"CO2","TRA",1,441510.340229769,"kt"
2005,"CO2","TRA",2,398783.533110759,"kt"
2005,"CO2","TRA",3,441510.340229769,"kt"
2005,"CO2","TRA",4,427268.071190099,"kt"
2005,"CO2","TRA",5,441510.340229769,"kt"
2005,"CO2","TRA",6,427268.071190099,"kt"
2005,"CO2","TRA",7,441510.340229769,"kt"
2005,"CO2","TRA",8,441510.340229769,"kt"
2005,"CO2","TRA",9,427268.071190099,"kt"
2005,"CO2","TRA",10,441510.340229769,"kt"
2005,"CO2","TRA",11,427268.071190099,"kt"
2005,"CO2","TRA",12,441510.340229769,"kt"
2005,"CO2","SLV",1,3871.52791933205,"kt"
2005,"CO2","SLV",2,3496.86392713863,"kt"
2005,"CO2","SLV",3,3871.52791933205,"kt"
2005,"CO2","SLV",4,3746.63992193425,"kt"
2005,"CO2","SLV",5,3871.52791933205,"kt"
2005,"CO2","SLV",6,3746.63992193425,"kt"
2005,"CO2","SLV",7,3871.52791933205,"kt"
2005,"CO2","SLV",8,3871.52791933205,"kt"
2005,"CO2","SLV",9,3746.63992193425,"kt"
2005,"CO2","SLV",10,3871.52791933205,"kt"
2005,"CO2","SLV",11,3746.63992193425,"kt"
2005,"CO2","SLV",12,3871.52791933205,"kt"
2005,"CO2","WST",1,7883.31555522921,"kt"
2005,"CO2","WST",2,7120.41404988445,"kt"
2005,"CO2","WST",3,7883.31555522921,"kt"
2005,"CO2","WST",4,7629.01505344762,"kt"
2005,"CO2","WST",5,7883.31555522921,"kt"
2005,"CO2","WST",6,7629.01505344762,"kt"
2005,"CO2","WST",7,7883.31555522921,"kt"
2005,"CO2","WST",8,7883.31555522921,"kt"
2005,"CO2","WST",9,7629.01505344762,"kt"
2005,"CO2","WST",10,7883.31555522921,"kt"
2005,"CO2","WST",11,7629.01505344762,"kt"
2005,"CO2","WST",12,7883.31555522921,"kt"
2005,"CO2","SHP",1,80516.1593402097,"kt"
2005,"CO2","SHP",2,69096.2526181748,"kt"
2005,"CO2","SHP",3,84450.0889405521,"kt"
2005,"CO2","SHP",4,81075.546437074,"kt"
2005,"CO2","SHP",5,85246.5871581615,"kt"
2005,"CO2","SHP",6,79285.5789785027,"kt"
2005,"CO2","SHP",7,87669.8323711321,"kt"
2005,"CO2","SHP",8,88876.3287256045,"kt"
2005,"CO2","SHP",9,84615.9511834219,"kt"
2005,"CO2","SHP",10,90961.1092519905,"kt"
2005,"CO2","SHP",11,88560.2306544239,"kt"
2005,"CO2","SHP",12,89470.2453836654,"kt"
2005,"CO2","RCO",1,461805.663940429,"kt"
2005,"CO2","RCO",2,354602.300652376,"kt"
2005,"CO2","RCO",3,317786.609350018,"kt"
2005,"CO2","RCO",4,207808.918088045,"kt"
2005,"CO2","RCO",5,182244.684299973,"kt"
2005,"CO2","RCO",6,171517.491494739,"kt"
2005,"CO2","RCO",7,181309.610704704,"kt"
2005,"CO2","RCO",8,180485.079972637,"kt"
2005,"CO2","RCO",9,171576.968994084,"kt"
2005,"CO2","RCO",10,203736.418064685,"kt"
2005,"CO2","RCO",11,279145.378484356,"kt"
2005,"CO2","RCO",12,432201.970714691,"kt"
2006,"CO2","AGR",1,0,"kt"
2006,"CO2","AGR",2,0,"kt"
2006,"CO2","AGR",3,0,"kt"
2006,"CO2","AGR",4,0,"kt"
2006,"CO2","AGR",5,0,"kt"
2006,"CO2","AGR",6,0,"kt"
2006,"CO2","AGR",7,0,"kt"
2006,"CO2","AGR",8,0,"kt"
2006,"CO2","AGR",9,0,"kt"
2006,"CO2","AGR",10,0,"kt"
2006,"CO2","AGR",11,0,"kt"
2006,"CO2","AGR",12,0,"kt"
2006,"CO2","ENE",1,1205004.92687426,"kt"
2006,"CO2","ENE",2,1040441.91613558,"kt"
2006,"CO2","ENE",3,1117990.96562927,"kt"
2006,"CO2","ENE",4,1053312.43077875,"kt"
2006,"CO2","ENE",5,1080988.19469187,"kt"
2006,"CO2","ENE",6,1057058.83907513,"kt"
2006,"CO2","ENE",7,1110484.03898245,"kt"
2006,"CO2","ENE",8,1104328.08176512,"kt"
2006,"CO2","ENE",9,1042514.50954306,"kt"
2006,"CO2","ENE",10,1089049.24875264,"kt"
2006,"CO2","ENE",11,1079972.09984096,"kt"
2006,"CO2","ENE",12,1184337.28082493,"kt"
2006,"CO2","IND",1,660430.78589638,"kt"
2006,"CO2","IND",2,598770.938415712,"kt"
2006,"CO2","IND",3,622178.717345112,"kt"
2006,"CO2","IND",4,606935.884466823,"kt"
2006,"CO2","IND",5,571036.068606467,"kt"
2006,"CO2","IND",6,537727.071081084,"kt"
2006,"CO2","IND",7,535278.181690502,"kt"
2006,"CO2","IND",8,555651.306783787,"kt"
2006,"CO2","IND",9,532899.622754693,"kt"
2006,"CO2","IND",10,591409.193699752,"kt"
2006,"CO2","IND",11,604522.160303627,"kt"
2006,"CO2","IND",12,662924.967531682,"kt"
2006,"CO2","TRA",1,450816.173403665,"kt"
2006,"CO2","TRA",2,407188.801783956,"kt"
2006,"CO2","TRA",3,450816.173403665,"kt"
2006,"CO2","TRA",4,436273.716197095,"kt"
2006,"CO2","TRA",5,450816.173403665,"kt"
2006,"CO2","TRA",6,436273.716197095,"kt"
2006,"CO2","TRA",7,450816.173403665,"kt"
2006,"CO2","TRA",8,450816.173403665,"kt"
2006,"CO2","TRA",9,436273.716197095,"kt"
2006,"CO2","TRA",10,450816.173403665,"kt"
2006,"CO2","TRA",11,436273.716197095,"kt"
2006,"CO2","TRA",12,450816.173403665,"kt"
2006,"CO2","SLV",1,3920.08184711918,"kt"
2006,"CO2","SLV",2,3540.71908772055,"kt"
2006,"CO2","SLV",3,3920.08184711918,"kt"
2006,"CO2","SLV",4,3793.6275939863,"kt"
2006,"CO2","SLV",5,3920.08184711918,"kt"
2006,"CO2","SLV",6,3793.6275939863,"kt"
2006,"CO2","SLV",7,3920.08184711918,"kt"
2006,"CO2","SLV",8,3920.08184711918,"kt"
2006,"CO2","SLV",9,3793.6275939863,"kt"
2006,"CO2","SLV",10,3920.08184711918,"kt"
2006,"CO2","SLV",11,3793.6275939863,"kt"
2006,"CO2","SLV",12,3920.08184711918,"kt"
2006,"CO2","WST",1,8199.33331504389,"kt"
2006,"CO2","WST",2,7405.84944584609,"kt"
2006,"CO2","WST",3,8199.33331504389,"kt"
2006,"CO2","WST",4,7934.83869197796,"kt"
2006,"CO2","WST",5,8199.33331504389,"kt"
2006,"CO2","WST",6,7934.83869197796,"kt"
2006,"CO2","WST",7,8199.33331504389,"kt"
2006,"CO2","WST",8,8199.33331504389,"kt"
2006,"CO2","WST",9,7934.83869197796,"kt"
2006,"CO2","WST",10,8199.33331504389,"kt"
2006,"CO2","WST",11,7934.83869197796,"kt"
2006,"CO2","WST",12,8199.33331504389,"kt"
2006,"CO2","SHP",1,87535.4426405109,"kt"
2006,"CO2","SHP",2,75119.9648281278,"kt"
2006,"CO2","SHP",3,91812.3265816281,"kt"
2006,"CO2","SHP",4,88143.5963022437,"kt"
2006,"CO2","SHP",5,92678.2623715634,"kt"
2006,"CO2","SHP",6,86197.5820476876,"kt"
2006,"CO2","SHP",7,95312.7626269419,"kt"
2006,"CO2","SHP",8,96624.4396033196,"kt"
2006,"CO2","SHP",9,91992.6484569626,"kt"
2006,"CO2","SHP",10,98890.9683061408,"kt"
2006,"CO2","SHP",11,96280.7845556205,"kt"
2006,"CO2","SHP",12,97270.133063874,"kt"
2006,"CO2","RCO",1,458913.270001053,"kt"
2006,"CO2","RCO",2,351799.42421815,"kt"
2006,"CO2","RCO",3,314587.478379402,"kt"
2006,"CO2","RCO",4,205825.86026106,"kt"
2006,"CO2","RCO",5,180791.750449933,"kt"
2006,"CO2","RCO",6,170249.264616154,"kt"
2006,"CO2","RCO",7,180009.041481158,"kt"
2006,"CO2","RCO",8,179098.731477735,"kt"
2006,"CO2","RCO",9,170240.807832701,"kt"
2006,"CO2","RCO",10,202361.303809155,"kt"
2006,"CO2","RCO",11,277402.015388324,"kt"
2006,"CO2","RCO",12,428913.468552393,"kt"
2007,"CO2","AGR",1,0,"kt"
2007,"CO2","AGR",2,0,"kt"
2007,"CO2","AGR",3,0,"kt"
2007,"CO2","AGR",4,0,"kt"
2007,"CO2","AGR",5,0,"kt"
2007,"CO2","AGR",6,0,"kt"
2007,"CO2","AGR",7,0,"kt"
2007,"CO2","AGR",8,0,"kt"
2007,"CO2","AGR",9,0,"kt"
2007,"CO2","AGR",10,0,"kt"
2007,"CO2","AGR",11,0,"kt"
2007,"CO2","AGR",12,0,"kt"
2007,"CO2","ENE",1,1257914.42854126,"kt"
2007,"CO2","ENE",2,1087057.19740369,"kt"
2007,"CO2","ENE",3,1169378.31983811,"kt"
2007,"CO2","ENE",4,1102232.83274822,"kt"
2007,"CO2","ENE",5,1133099.3717607,"kt"
2007,"CO2","ENE",6,1108982.85732792,"kt"
2007,"CO2","ENE",7,1165357.15146771,"kt"
2007,"CO2","ENE",8,1159141.76537905,"kt"
2007,"CO2","ENE",9,1093336.67072857,"kt"
2007,"CO2","ENE",10,1140259.41775773,"kt"
2007,"CO2","ENE",11,1129435.68132232,"kt"
2007,"CO2","ENE",12,1237142.92763048,"kt"
2007,"CO2","IND",1,688121.206618913,"kt"
2007,"CO2","IND",2,623809.103201972,"kt"
2007,"CO2","IND",3,648888.338817388,"kt"
2007,"CO2","IND",4,632842.752813941,"kt"
2007,"CO2","IND",5,596350.502644706,"kt"
2007,"CO2","IND",6,561794.465866167,"kt"
2007,"CO2","IND",7,559642.221055023,"kt"
2007,"CO2","IND",8,580520.948061706,"kt"
2007,"CO2","IND",9,556908.16997228,"kt"
2007,"CO2","IND",10,617229.229651389,"kt"
2007,"CO2","IND",11,630399.604866997,"kt"
2007,"CO2","IND",12,690645.792830755,"kt"
2007,"CO2","TRA",1,465284.436912898,"kt"
2007,"CO2","TRA",2,420256.910760037,"kt"
2007,"CO2","TRA",3,465284.436912898,"kt"
2007,"CO2","TRA",4,450275.261528611,"kt"
2007,"CO2","TRA",5,465284.436912898,"kt"
2007,"CO2","TRA",6,450275.261528611,"kt"
2007,"CO2","TRA",7,465284.436912898,"kt"
2007,"CO2","TRA",8,465284.436912898,"kt"
2007,"CO2","TRA",9,450275.261528611,"kt"
2007,"CO2","TRA",10,465284.436912898,"kt"
2007,"CO2","TRA",11,450275.261528611,"kt"
2007,"CO2","TRA",12,465284.436912898,"kt"
2007,"CO2","SLV",1,3973.49642878164,"kt"
2007,"CO2","SLV",2,3588.9645163189,"kt"
2007,"CO2","SLV",3,3973.49642878164,"kt"
2007,"CO2","SLV",4,3845.3191246274,"kt"
2007,"CO2","SLV",5,3973.49642878164,"kt"
2007,"CO2","SLV",6,3845.3191246274,"kt"
2007,"CO2","SLV",7,3973.49642878164,"kt"
2007,"CO2","SLV",8,3973.49642878164,"kt"
2007,"CO2","SLV",9,3845.3191246274,"kt"
2007,"CO2","SLV",10,3973.49642878164,"kt"
2007,"CO2","SLV",11,3845.3191246274,"kt"
2007,"CO2","SLV",12,3973.49642878164,"kt"
2007,"CO2","WST",1,8539.96291134421,"kt"
2007,"CO2","WST",2,7713.51488766574,"kt"
2007,"CO2","WST",3,8539.96291134421,"kt"
2007,"CO2","WST",4,8264.48023678472,"kt"
2007,"CO2","WST",5,8539.96291134421,"kt"
2007,"CO2","WST",6,8264.48023678472,"kt"
2007,"CO2","WST",7,8539.96291134421,"kt"
2007,"CO2","WST",8,8539.96291134421,"kt"
2007,"CO2","WST",9,8264.48023678472,"kt"
2007,"CO2","WST",10,8539.96291134421,"kt"
2007,"CO2","WST",11,8264.48023678472,"kt"
2007,"CO2","WST",12,8539.96291134421,"kt"
2007,"CO2","SHP",1,92920.3746634898,"kt"
2007,"CO2","SHP",2,79741.1318887583,"kt"
2007,"CO2","SHP",3,97460.3603677142,"kt"
2007,"CO2","SHP",4,93565.9402126726,"kt"
2007,"CO2","SHP",5,98379.5660700918,"kt"
2007,"CO2","SHP",6,91500.2126835797,"kt"
2007,"CO2","SHP",7,101176.133304991,"kt"
2007,"CO2","SHP",8,102568.500926676,"kt"
2007,"CO2","SHP",9,97651.7751331015,"kt"
2007,"CO2","SHP",10,104974.460043334,"kt"
2007,"CO2","SHP",11,102203.705195667,"kt"
2007,"CO2","SHP",12,103253.915616573,"kt"
2007,"CO2","RCO",1,456352.184149066,"kt"
2007,"CO2","RCO",2,349970.471414089,"kt"
2007,"CO2","RCO",3,313050.049602431,"kt"
2007,"CO2","RCO",4,206093.824891207,"kt"
2007,"CO2","RCO",5,182239.895736914,"kt"
2007,"CO2","RCO",6,171719.12100437,"kt"
2007,"CO2","RCO",7,181582.85714914,"kt"
2007,"CO2","RCO",8,180567.458445302,"kt"
2007,"CO2","RCO",9,171653.974041614,"kt"
2007,"CO2","RCO",10,203311.186633191,"kt"
2007,"CO2","RCO",11,276549.352174338,"kt"
2007,"CO2","RCO",12,426662.646558167,"kt"
2008,"CO2","AGR",1,0,"kt"
2008,"CO2","AGR",2,0,"kt"
2008,"CO2","AGR",3,0,"kt"
2008,"CO2","AGR",4,0,"kt"
2008,"CO2","AGR",5,0,"kt"
2008,"CO2","AGR",6,0,"kt"
2008,"CO2","AGR",7,0,"kt"
2008,"CO2","AGR",8,0,"kt"
2008,"CO2","AGR",9,0,"kt"
2008,"CO2","AGR",10,0,"kt"
2008,"CO2","AGR",11,0,"kt"
2008,"CO2","AGR",12,0,"kt"
2008,"CO2","ENE",1,1251903.66490204,"kt"
2008,"CO2","ENE",2,1084077.78375423,"kt"
2008,"CO2","ENE",3,1167270.60128337,"kt"
2008,"CO2","ENE",4,1101491.06980658,"kt"
2008,"CO2","ENE",5,1131523.12452757,"kt"
2008,"CO2","ENE",6,1105920.82814066,"kt"
2008,"CO2","ENE",7,1160830.78411505,"kt"
2008,"CO2","ENE",8,1154904.11659014,"kt"
2008,"CO2","ENE",9,1091459.40914355,"kt"
2008,"CO2","ENE",10,1138885.6442835,"kt"
2008,"CO2","ENE",11,1127422.13811736,"kt"
2008,"CO2","ENE",12,1231708.63338852,"kt"
2008,"CO2","IND",1,695399.99142187,"kt"
2008,"CO2","IND",2,630514.279838764,"kt"
2008,"CO2","IND",3,656704.327860523,"kt"
2008,"CO2","IND",4,640686.878242165,"kt"
2008,"CO2","IND",5,605334.307088978,"kt"
2008,"CO2","IND",6,570958.606500571,"kt"
2008,"CO2","IND",7,569308.033355822,"kt"
2008,"CO2","IND",8,589990.56005059,"kt"
2008,"CO2","IND",9,565792.045542784,"kt"
2008,"CO2","IND",10,626016.833783747,"kt"
2008,"CO2","IND",11,638103.597763271,"kt"
2008,"CO2","IND",12,698069.38125006,"kt"
2008,"CO2","TRA",1,466176.030925749,"kt"
2008,"CO2","TRA",2,421062.221481321,"kt"
2008,"CO2","TRA",3,466176.030925749,"kt"
2008,"CO2","TRA",4,451138.094444273,"kt"
2008,"CO2","TRA",5,466176.030925749,"kt"
2008,"CO2","TRA",6,451138.094444273,"kt"
2008,"CO2","TRA",7,466176.030925749,"kt"
2008,"CO2","TRA",8,466176.030925749,"kt"
2008,"CO2","TRA",9,451138.094444273,"kt"
2008,"CO2","TRA",10,466176.030925749,"kt"
2008,"CO2","TRA",11,451138.094444273,"kt"
2008,"CO2","TRA",12,466176.030925749,"kt"
2008,"CO2","SLV",1,4042.76733550219,"kt"
2008,"CO2","SLV",2,3651.53178690521,"kt"
2008,"CO2","SLV",3,4042.76733550219,"kt"
2008,"CO2","SLV",4,3912.35548596987,"kt"
2008,"CO2","SLV",5,4042.76733550219,"kt"
2008,"CO2","SLV",6,3912.35548596987,"kt"
2008,"CO2","SLV",7,4042.76733550219,"kt"
2008,"CO2","SLV",8,4042.76733550219,"kt"
2008,"CO2","SLV",9,3912.35548596987,"kt"
2008,"CO2","SLV",10,4042.76733550219,"kt"
2008,"CO2","SLV",11,3912.35548596987,"kt"
2008,"CO2","SLV",12,4042.76733550219,"kt"
2008,"CO2","WST",1,8818.8315791419,"kt"
2008,"CO2","WST",2,7965.39626503139,"kt"
2008,"CO2","WST",3,8818.8315791419,"kt"
2008,"CO2","WST",4,8534.35314110506,"kt"
2008,"CO2","WST",5,8818.8315791419,"kt"
2008,"CO2","WST",6,8534.35314110506,"kt"
2008,"CO2","WST",7,8818.8315791419,"kt"
2008,"CO2","WST",8,8818.8315791419,"kt"
2008,"CO2","WST",9,8534.35314110506,"kt"
2008,"CO2","WST",10,8818.8315791419,"kt"
2008,"CO2","WST",11,8534.35314110506,"kt"
2008,"CO2","WST",12,8818.8315791419,"kt"
2008,"CO2","SHP",1,98556.6248420073,"kt"
2008,"CO2","SHP",2,84577.9717150165,"kt"
2008,"CO2","SHP",3,103371.99143367,"kt"
2008,"CO2","SHP",4,99241.3483148963,"kt"
2008,"CO2","SHP",5,104346.95318872,"kt"
2008,"CO2","SHP",6,97050.3204176464,"kt"
2008,"CO2","SHP",7,107313.15117074,"kt"
2008,"CO2","SHP",8,108789.975320767,"kt"
2008,"CO2","SHP",9,103575.016801247,"kt"
2008,"CO2","SHP",10,111341.872156143,"kt"
2008,"CO2","SHP",11,108403.052257497,"kt"
2008,"CO2","SHP",12,109516.965054698,"kt"
2008,"CO2","RCO",1,464982.12758535,"kt"
2008,"CO2","RCO",2,356648.725851787,"kt"
2008,"CO2","RCO",3,319397.237524688,"kt"
2008,"CO2","RCO",4,209726.336469049,"kt"
2008,"CO2","RCO",5,184363.486417686,"kt"
2008,"CO2","RCO",6,173722.001980275,"kt"
2008,"CO2","RCO",7,183741.309234992,"kt"
2008,"CO2","RCO",8,182678.350072131,"kt"
2008,"CO2","RCO",9,173631.719873085,"kt"
2008,"CO2","RCO",10,206493.335654332,"kt"
2008,"CO2","RCO",11,282234.953085009,"kt"
2008,"CO2","RCO",12,435217.157901912,"kt"
2009,"CO2","AGR",1,0,"kt"
2009,"CO2","AGR",2,0,"kt"
2009,"CO2","AGR",3,0,"kt"
2009,"CO2","AGR",4,0,"kt"
2009,"CO2","AGR",5,0,"kt"
2009,"CO2","AGR",6,0,"kt"
2009,"CO2","AGR",7,0,"kt"
2009,"CO2","AGR",8,0,"kt"
2009,"CO2","AGR",9,0,"kt"
2009,"CO2","AGR",10,0,"kt"
2009,"CO2","AGR",11,0,"kt"
2009,"CO2","AGR",12,0,"kt"
2009,"CO2","ENE",1,1231260.17163141,"kt"
2009,"CO2","ENE",2,1068953.32580817,"kt"
2009,"CO2","ENE",3,1152557.60238117,"kt"
2009,"CO2","ENE",4,1089316.80538217,"kt"
2009,"CO2","ENE",5,1119144.81072205,"kt"
2009,"CO2","ENE",6,1092488.42535284,"kt"
2009,"CO2","ENE",7,1145276.87301562,"kt"
2009,"CO2","ENE",8,1140018.24947868,"kt"
2009,"CO2","ENE",9,1079353.19376121,"kt"
2009,"CO2","ENE",10,1125930.70929824,"kt"
2009,"CO2","ENE",11,1113488.58785654,"kt"
2009,"CO2","ENE",12,1212370.95207927,"kt"
2009,"CO2","IND",1,686642.361633815,"kt"
2009,"CO2","IND",2,622554.441303409,"kt"
2009,"CO2","IND",3,650144.518670787,"kt"
2009,"CO2","IND",4,634232.130141697,"kt"
2009,"CO2","IND",5,601933.607320788,"kt"
2009,"CO2","IND",6,568651.159060644,"kt"
2009,"CO2","IND",7,568050.105595576,"kt"
2009,"CO2","IND",8,587606.197695999,"kt"
2009,"CO2","IND",9,563591.143761644,"kt"
2009,"CO2","IND",10,621489.69942121,"kt"
2009,"CO2","IND",11,631702.122492197,"kt"
2009,"CO2","IND",12,689256.702871632,"kt"
2009,"CO2","TRA",1,462547.023807776,"kt"
2009,"CO2","TRA",2,417784.408600572,"kt"
2009,"CO2","TRA",3,462547.023807776,"kt"
2009,"CO2","TRA",4,447626.152072041,"kt"
2009,"CO2","TRA",5,462547.023807776,"kt"
2009,"CO2","TRA",6,447626.152072041,"kt"
2009,"CO2","TRA",7,462547.023807776,"kt"
2009,"CO2","TRA",8,462547.023807776,"kt"
2009,"CO2","TRA",9,447626.152072041,"kt"
2009,"CO2","TRA",10,462547.023807776,"kt"
2009,"CO2","TRA",11,447626.152072041,"kt"
2009,"CO2","TRA",12,462547.023807776,"kt"
2009,"CO2","SLV",1,4078.65894167455,"kt"
2009,"CO2","SLV",2,3683.95001183507,"kt"
2009,"CO2","SLV",3,4078.65894167455,"kt"
2009,"CO2","SLV",4,3947.08929839472,"kt"
2009,"CO2","SLV",5,4078.65894167455,"kt"
2009,"CO2","SLV",6,3947.08929839472,"kt"
2009,"CO2","SLV",7,4078.65894167455,"kt"
2009,"CO2","SLV",8,4078.65894167455,"kt"
2009,"CO2","SLV",9,3947.08929839472,"kt"
2009,"CO2","SLV",10,4078.65894167455,"kt"
2009,"CO2","SLV",11,3947.08929839472,"kt"
2009,"CO2","SLV",12,4078.65894167455,"kt"
2009,"CO2","WST",1,9135.94576070758,"kt"
2009,"CO2","WST",2,8251.8219774133,"kt"
2009,"CO2","WST",3,9135.94576070758,"kt"
2009,"CO2","WST",4,8841.23783294282,"kt"
2009,"CO2","WST",5,9135.94576070758,"kt"
2009,"CO2","WST",6,8841.23783294282,"kt"
2009,"CO2","WST",7,9135.94576070758,"kt"
2009,"CO2","WST",8,9135.94576070758,"kt"
2009,"CO2","WST",9,8841.23783294282,"kt"
2009,"CO2","WST",10,9135.94576070758,"kt"
2009,"CO2","WST",11,8841.23783294282,"kt"
2009,"CO2","WST",12,9135.94576070758,"kt"
2009,"CO2","SHP",1,82984.7398208055,"kt"
2009,"CO2","SHP",2,71214.7051361944,"kt"
2009,"CO2","SHP",3,87039.2815057656,"kt"
2009,"CO2","SHP",4,83561.2774136662,"kt"
2009,"CO2","SHP",5,87860.1999139173,"kt"
2009,"CO2","SHP",6,81716.4305524341,"kt"
2009,"CO2","SHP",7,90357.7404718405,"kt"
2009,"CO2","SHP",8,91601.2273307653,"kt"
2009,"CO2","SHP",9,87210.228992375,"kt"
2009,"CO2","SHP",10,93749.9260638309,"kt"
2009,"CO2","SHP",11,91275.4378692493,"kt"
2009,"CO2","SHP",12,92213.3531418856,"kt"
2009,"CO2","RCO",1,460089.258955666,"kt"
2009,"CO2","RCO",2,352745.628053093,"kt"
2009,"CO2","RCO",3,315310.509851674,"kt"
2009,"CO2","RCO",4,207608.911148503,"kt"
2009,"CO2","RCO",5,183456.048102935,"kt"
2009,"CO2","RCO",6,172933.899344458,"kt"
2009,"CO2","RCO",7,182895.433126309,"kt"
2009,"CO2","RCO",8,181849.178433389,"kt"
2009,"CO2","RCO",9,172817.401478833,"kt"
2009,"CO2","RCO",10,204542.237710257,"kt"
2009,"CO2","RCO",11,278838.024573824,"kt"
2009,"CO2","RCO",12,430414.938943794,"kt"
2010,"CO2","AGR",1,0,"kt"
2010,"CO2","AGR",2,0,"kt"
2010,"CO2","AGR",3,0,"kt"
2010,"CO2","AGR",4,0,"kt"
2010,"CO2","AGR",5,0,"kt"
2010,"CO2","AGR",6,0,"kt"
2010,"CO2","AGR",7,0,"kt"
2010,"CO2","AGR",8,0,"kt"
2010,"CO2","AGR",9,0,"kt"
2010,"CO2","AGR",10,0,"kt"
2010,"CO2","AGR",11,0,"kt"
2010,"CO2","AGR",12,0,"kt"
2010,"CO2","ENE",1,1294146.87241407,"kt"
2010,"CO2","ENE",2,1124435.92317071,"kt"
2010,"CO2","ENE",3,1212523.95482011,"kt"
2010,"CO2","ENE",4,1145951.86766013,"kt"
2010,"CO2","ENE",5,1177338.38530201,"kt"
2010,"CO2","ENE",6,1148842.27772895,"kt"
2010,"CO2","ENE",7,1203958.83524998,"kt"
2010,"CO2","ENE",8,1198794.24844501,"kt"
2010,"CO2","ENE",9,1135294.64712321,"kt"
2010,"CO2","ENE",10,1184024.14782186,"kt"
2010,"CO2","ENE",11,1170893.88499547,"kt"
2010,"CO2","ENE",12,1274194.21154949,"kt"
2010,"CO2","IND",1,729943.802115391,"kt"
2010,"CO2","IND",2,661860.046076371,"kt"
2010,"CO2","IND",3,691067.449949822,"kt"
2010,"CO2","IND",4,674252.023163646,"kt"
2010,"CO2","IND",5,639827.472517235,"kt"
2010,"CO2","IND",6,604484.542184429,"kt"
2010,"CO2","IND",7,603780.940677973,"kt"
2010,"CO2","IND",8,624634.02692391,"kt"
2010,"CO2","IND",9,599007.470585127,"kt"
2010,"CO2","IND",10,660680.558763172,"kt"
2010,"CO2","IND",11,671513.487363995,"kt"
2010,"CO2","IND",12,732773.622441697,"kt"
2010,"CO2","TRA",1,479534.70931368,"kt"
2010,"CO2","TRA",2,433128.124541389,"kt"
2010,"CO2","TRA",3,479534.70931368,"kt"
2010,"CO2","TRA",4,464065.847722916,"kt"
2010,"CO2","TRA",5,479534.70931368,"kt"
2010,"CO2","TRA",6,464065.847722916,"kt"
2010,"CO2","TRA",7,479534.70931368,"kt"
2010,"CO2","TRA",8,479534.70931368,"kt"
2010,"CO2","TRA",9,464065.847722916,"kt"
2010,"CO2","TRA",10,479534.70931368,"kt"
2010,"CO2","TRA",11,464065.847722916,"kt"
2010,"CO2","TRA",12,479534.70931368,"kt"
2010,"CO2","SLV",1,4123.82488272882,"kt"
2010,"CO2","SLV",2,3724.74505536797,"kt"
2010,"CO2","SLV",3,4123.82488272882,"kt"
2010,"CO2","SLV",4,3990.79827360854,"kt"
2010,"CO2","SLV",5,4123.82488272882,"kt"
2010,"CO2","SLV",6,3990.79827360854,"kt"
2010,"CO2","SLV",7,4123.82488272882,"kt"
2010,"CO2","SLV",8,4123.82488272882,"kt"
2010,"CO2","SLV",9,3990.79827360854,"kt"
2010,"CO2","SLV",10,4123.82488272882,"kt"
2010,"CO2","SLV",11,3990.79827360854,"kt"
2010,"CO2","SLV",12,4123.82488272882,"kt"
2010,"CO2","WST",1,9489.60726374601,"kt"
2010,"CO2","WST",2,8571.25817370608,"kt"
2010,"CO2","WST",3,9489.60726374601,"kt"
2010,"CO2","WST",4,9183.49090039937,"kt"
2010,"CO2","WST",5,9489.60726374601,"kt"
2010,"CO2","WST",6,9183.49090039937,"kt"
2010,"CO2","WST",7,9489.60726374601,"kt"
2010,"CO2","WST",8,9489.60726374601,"kt"
2010,"CO2","WST",9,9183.49090039937,"kt"
2010,"CO2","WST",10,9489.60726374601,"kt"
2010,"CO2","WST",11,9183.49090039937,"kt"
2010,"CO2","WST",12,9489.60726374601,"kt"
2010,"CO2","SHP",1,78913.6273255628,"kt"
2010,"CO2","SHP",2,67717.3096405771,"kt"
2010,"CO2","SHP",3,82749.4831087878,"kt"
2010,"CO2","SHP",4,79435.0528039102,"kt"
2010,"CO2","SHP",5,83518.0038686901,"kt"
2010,"CO2","SHP",6,77677.5597073078,"kt"
2010,"CO2","SHP",7,85898.7580719731,"kt"
2010,"CO2","SHP",8,87078.551312195,"kt"
2010,"CO2","SHP",9,82898.0246993851,"kt"
2010,"CO2","SHP",10,89114.8483344642,"kt"
2010,"CO2","SHP",11,86768.9999058236,"kt"
2010,"CO2","SHP",12,87674.7899293392,"kt"
2010,"CO2","RCO",1,472371.694287147,"kt"
2010,"CO2","RCO",2,361992.057387429,"kt"
2010,"CO2","RCO",3,323170.434754583,"kt"
2010,"CO2","RCO",4,212854.904797383,"kt"
2010,"CO2","RCO",5,187678.854567696,"kt"
2010,"CO2","RCO",6,176775.279591645,"kt"
2010,"CO2","RCO",7,186924.087927538,"kt"
2010,"CO2","RCO",8,186042.712812704,"kt"
2010,"CO2","RCO",9,176800.111621106,"kt"
2010,"CO2","RCO",10,209478.41445615,"kt"
2010,"CO2","RCO",11,286106.768817762,"kt"
2010,"CO2","RCO",12,441983.333502571,"kt"
2011,"CO2","AGR",1,0,"kt"
2011,"CO2","AGR",2,0,"kt"
2011,"CO2","AGR",3,0,"kt"
2011,"CO2","AGR",4,0,"kt"
2011,"CO2","AGR",5,0,"kt"
2011,"CO2","AGR",6,0,"kt"
2011,"CO2","AGR",7,0,"kt"
2011,"CO2","AGR",8,0,"kt"
2011,"CO2","AGR",9,0,"kt"
2011,"CO2","AGR",10,0,"kt"
2011,"CO2","AGR",11,0,"kt"
2011,"CO2","AGR",12,0,"kt"
2011,"CO2","ENE",1,1337917.81246787,"kt"
2011,"CO2","ENE",2,1164326.8501808,"kt"
2011,"CO2","ENE",3,1256495.25753147,"kt"
2011,"CO2","ENE",4,1189346.78761505,"kt"
2011,"CO2","ENE",5,1220479.70997711,"kt"
2011,"CO2","ENE",6,1189009.53505539,"kt"
2011,"CO2","ENE",7,1244488.08977238,"kt"
2011,"CO2","ENE",8,1239199.05760399,"kt"
2011,"CO2","ENE",9,1176393.73456684,"kt"
2011,"CO2","ENE",10,1228572.97479046,"kt"
2011,"CO2","ENE",11,1214422.49880836,"kt"
2011,"CO2","ENE",12,1317871.36892731,"kt"
2011,"CO2","IND",1,760897.842938003,"kt"
2011,"CO2","IND",2,689893.036377686,"kt"
2011,"CO2","IND",3,720545.936850001,"kt"
2011,"CO2","IND",4,702939.237880936,"kt"
2011,"CO2","IND",5,667298.838918374,"kt"
2011,"CO2","IND",6,630475.492833482,"kt"
2011,"CO2","IND",7,629859.237310523,"kt"
2011,"CO2","IND",8,651491.342594598,"kt"
2011,"CO2","IND",9,624838.774484805,"kt"
2011,"CO2","IND",10,688930.94420245,"kt"
2011,"CO2","IND",11,700120.878706598,"kt"
2011,"CO2","IND",12,763810.147418153,"kt"
2011,"CO2","TRA",1,487164.870111545,"kt"
2011,"CO2","TRA",2,440019.882681396,"kt"
2011,"CO2","TRA",3,487164.870111545,"kt"
2011,"CO2","TRA",4,471449.874301495,"kt"
2011,"CO2","TRA",5,487164.870111545,"kt"
2011,"CO2","TRA",6,471449.874301495,"kt"
2011,"CO2","TRA",7,487164.870111545,"kt"
2011,"CO2","TRA",8,487164.870111545,"kt"
2011,"CO2","TRA",9,471449.874301495,"kt"
2011,"CO2","TRA",10,487164.870111545,"kt"
2011,"CO2","TRA",11,471449.874301495,"kt"
2011,"CO2","TRA",12,487164.870111545,"kt"
2011,"CO2","SLV",1,4160.57835897809,"kt"
2011,"CO2","SLV",2,3757.94174359311,"kt"
2011,"CO2","SLV",3,4160.57835897809,"kt"
2011,"CO2","SLV",4,4026.36615384976,"kt"
2011,"CO2","SLV",5,4160.57835897809,"kt"
2011,"CO2","SLV",6,4026.36615384976,"kt"
2011,"CO2","SLV",7,4160.57835897809,"kt"
2011,"CO2","SLV",8,4160.57835897809,"kt"
2011,"CO2","SLV",9,4026.36615384976,"kt"
2011,"CO2","SLV",10,4160.57835897809,"kt"
2011,"CO2","SLV",11,4026.36615384976,"kt"
2011,"CO2","SLV",12,4160.57835897809,"kt"
2011,"CO2","WST",1,9831.48011910501,"kt"
2011,"CO2","WST",2,8880.04655919162,"kt"
2011,"CO2","WST",3,9831.48011910501,"kt"
2011,"CO2","WST",4,9514.33559913388,"kt"
2011,"CO2","WST",5,9831.48011910501,"kt"
2011,"CO2","WST",6,9514.33559913388,"kt"
2011,"CO2","WST",7,9831.48011910501,"kt"
2011,"CO2","WST",8,9831.48011910501,"kt"
2011,"CO2","WST",9,9514.33559913388,"kt"
2011,"CO2","WST",10,9831.48011910501,"kt"
2011,"CO2","WST",11,9514.33559913388,"kt"
2011,"CO2","WST",12,9831.48011910501,"kt"
2011,"CO2","SHP",1,87204.6274399427,"kt"
2011,"CO2","SHP",2,74831.9771701693,"kt"
2011,"CO2","SHP",3,91443.4944877019,"kt"
2011,"CO2","SHP",4,87780.8360887909,"kt"
2011,"CO2","SHP",5,92292.7592955487,"kt"
2011,"CO2","SHP",6,85838.6933193908,"kt"
2011,"CO2","SHP",7,94923.6456248116,"kt"
2011,"CO2","SHP",8,96227.3929426895,"kt"
2011,"CO2","SHP",9,91607.6424873108,"kt"
2011,"CO2","SHP",10,98477.6319597284,"kt"
2011,"CO2","SHP",11,95885.3187537188,"kt"
2011,"CO2","SHP",12,96886.2749157467,"kt"
2011,"CO2","RCO",1,465542.424668592,"kt"
2011,"CO2","RCO",2,356511.208554366,"kt"
2011,"CO2","RCO",3,318002.867780366,"kt"
2011,"CO2","RCO",4,209982.893830577,"kt"
2011,"CO2","RCO",5,186828.494220326,"kt"
2011,"CO2","RCO",6,176090.822775259,"kt"
2011,"CO2","RCO",7,186143.92895489,"kt"
2011,"CO2","RCO",8,185254.771618017,"kt"
2011,"CO2","RCO",9,176080.593849049,"kt"
2011,"CO2","RCO",10,208049.552758522,"kt"
2011,"CO2","RCO",11,282373.550120059,"kt"
2011,"CO2","RCO",12,435116.93030698,"kt"
2012,"CO2","AGR",1,0,"kt"
2012,"CO2","AGR",2,0,"kt"
2012,"CO2","AGR",3,0,"kt"
2012,"CO2","AGR",4,0,"kt"
2012,"CO2","AGR",5,0,"kt"
2012,"CO2","AGR",6,0,"kt"
2012,"CO2","AGR",7,0,"kt"
2012,"CO2","AGR",8,0,"kt"
2012,"CO2","AGR",9,0,"kt"
2012,"CO2","AGR",10,0,"kt"
2012,"CO2","AGR",11,0,"kt"
2012,"CO2","AGR",12,0,"kt"
2012,"CO2","ENE",1,1361129.53433375,"kt"
2012,"CO2","ENE",2,1186127.79268152,"kt"
2012,"CO2","ENE",3,1280811.54173406,"kt"
2012,"CO2","ENE",4,1213615.60291182,"kt"
2012,"CO2","ENE",5,1243782.14270962,"kt"
2012,"CO2","ENE",6,1210196.35572269,"kt"
2012,"CO2","ENE",7,1265354.3137661,"kt"
2012,"CO2","ENE",8,1259803.83099295,"kt"
2012,"CO2","ENE",9,1198561.32737005,"kt"
2012,"CO2","ENE",10,1253137.99225113,"kt"
2012,"CO2","ENE",11,1238250.21419893,"kt"
2012,"CO2","ENE",12,1341009.4610997,"kt"
2012,"CO2","IND",1,778861.155362727,"kt"
2012,"CO2","IND",2,706141.455867309,"kt"
2012,"CO2","IND",3,738300.090696035,"kt"
2012,"CO2","IND",4,720171.017383045,"kt"
2012,"CO2","IND",5,684804.277779052,"kt"
2012,"CO2","IND",6,647352.789576329,"kt"
2012,"CO2","IND",7,647181.526745583,"kt"
2012,"CO2","IND",8,668931.21589554,"kt"
2012,"CO2","IND",9,641665.730931382,"kt"
2012,"CO2","IND",10,706553.96692901,"kt"
2012,"CO2","IND",11,717327.488060572,"kt"
2012,"CO2","IND",12,781799.46899595,"kt"
2012,"CO2","TRA",1,497405.741395764,"kt"
2012,"CO2","TRA",2,449269.701905851,"kt"
2012,"CO2","TRA",3,497405.741395764,"kt"
2012,"CO2","TRA",4,481360.394899127,"kt"
2012,"CO2","TRA",5,497405.741395764,"kt"
2012,"CO2","TRA",6,481360.394899127,"kt"
2012,"CO2","TRA",7,497405.741395764,"kt"
2012,"CO2","TRA",8,497405.741395764,"kt"
2012,"CO2","TRA",9,481360.394899127,"kt"
2012,"CO2","TRA",10,497405.741395764,"kt"
2012,"CO2","TRA",11,481360.394899127,"kt"
2012,"CO2","TRA",12,497405.741395764,"kt"
2012,"CO2","SLV",1,4191.63772994776,"kt"
2012,"CO2","SLV",2,3785.99536898507,"kt"
2012,"CO2","SLV",3,4191.63772994776,"kt"
2012,"CO2","SLV",4,4056.42360962686,"kt"
2012,"CO2","SLV",5,4191.63772994776,"kt"
2012,"CO2","SLV",6,4056.42360962686,"kt"
2012,"CO2","SLV",7,4191.63772994776,"kt"
2012,"CO2","SLV",8,4191.63772994776,"kt"
2012,"CO2","SLV",9,4056.42360962686,"kt"
2012,"CO2","SLV",10,4191.63772994776,"kt"
2012,"CO2","SLV",11,4056.42360962686,"kt"
2012,"CO2","SLV",12,4191.63772994776,"kt"
2012,"CO2","WST",1,10210.3317145191,"kt"
2012,"CO2","WST",2,9222.23509698498,"kt"
2012,"CO2","WST",3,10210.3317145191,"kt"
2012,"CO2","WST",4,9880.96617534105,"kt"
2012,"CO2","WST",5,10210.3317145191,"kt"
2012,"CO2","WST",6,9880.96617534105,"kt"
2012,"CO2","WST",7,10210.3317145191,"kt"
2012,"CO2","WST",8,10210.3317145191,"kt"
2012,"CO2","WST",9,9880.96617534105,"kt"
2012,"CO2","WST",10,10210.3317145191,"kt"
2012,"CO2","WST",11,9880.96617534105,"kt"
2012,"CO2","WST",12,10210.3317145191,"kt"
2012,"CO2","SHP",1,77472.5674317625,"kt"
2012,"CO2","SHP",2,66480.7082784764,"kt"
2012,"CO2","SHP",3,81238.3757705226,"kt"
2012,"CO2","SHP",4,77984.4710395545,"kt"
2012,"CO2","SHP",5,81992.8623961165,"kt"
2012,"CO2","SHP",6,76259.0719285028,"kt"
2012,"CO2","SHP",7,84330.1410994685,"kt"
2012,"CO2","SHP",8,85488.3898640519,"kt"
2012,"CO2","SHP",9,81384.2048089787,"kt"
2012,"CO2","SHP",10,87487.5015981762,"kt"
2012,"CO2","SHP",11,85184.4912470898,"kt"
2012,"CO2","SHP",12,86073.7404307108,"kt"
2012,"CO2","RCO",1,462772.552004573,"kt"
2012,"CO2","RCO",2,354033.093447784,"kt"
2012,"CO2","RCO",3,314977.203789585,"kt"
2012,"CO2","RCO",4,209363.134348302,"kt"
2012,"CO2","RCO",5,186841.32707112,"kt"
2012,"CO2","RCO",6,176254.211692175,"kt"
2012,"CO2","RCO",7,186346.72605997,"kt"
2012,"CO2","RCO",8,185356.225724449,"kt"
2012,"CO2","RCO",9,176127.647828786,"kt"
2012,"CO2","RCO",10,207132.149274582,"kt"
2012,"CO2","RCO",11,280218.199075501,"kt"
2012,"CO2","RCO",12,432346.377379318,"kt"
2013,"CO2","AGR",1,0,"kt"
2013,"CO2","AGR",2,0,"kt"
2013,"CO2","AGR",3,0,"kt"
2013,"CO2","AGR",4,0,"kt"
2013,"CO2","AGR",5,0,"kt"
2013,"CO2","AGR",6,0,"kt"
2013,"CO2","AGR",7,0,"kt"
2013,"CO2","AGR",8,0,"kt"
2013,"CO2","AGR",9,0,"kt"
2013,"CO2","AGR",10,0,"kt"
2013,"CO2","AGR",11,0,"kt"
2013,"CO2","AGR",12,0,"kt"
2013,"CO2","ENE",1,1397813.93264236,"kt"
2013,"CO2","ENE",2,1219917.43927119,"kt"
2013,"CO2","ENE",3,1318578.51171855,"kt"
2013,"CO2","ENE",4,1250169.65368132,"kt"
2013,"CO2","ENE",5,1282652.81610262,"kt"
2013,"CO2","ENE",6,1248099.72138312,"kt"
2013,"CO2","ENE",7,1304589.19118662,"kt"
2013,"CO2","ENE",8,1299541.09608942,"kt"
2013,"CO2","ENE",9,1236458.78086376,"kt"
2013,"CO2","ENE",10,1291072.62981513,"kt"
2013,"CO2","ENE",11,1274540.10830878,"kt"
2013,"CO2","ENE",12,1377987.19513165,"kt"
2013,"CO2","IND",1,812056.045137982,"kt"
2013,"CO2","IND",2,736197.056131089,"kt"
2013,"CO2","IND",3,770081.384876819,"kt"
2013,"CO2","IND",4,751083.792475283,"kt"
2013,"CO2","IND",5,714667.56200296,"kt"
2013,"CO2","IND",6,675686.257144944,"kt"
2013,"CO2","IND",7,675712.168748951,"kt"
2013,"CO2","IND",8,698209.132383109,"kt"
2013,"CO2","IND",9,669842.514550454,"kt"
2013,"CO2","IND",10,737164.525637117,"kt"
2013,"CO2","IND",11,748161.921178038,"kt"
2013,"CO2","IND",12,815075.312145135,"kt"
2013,"CO2","TRA",1,504514.161062322,"kt"
2013,"CO2","TRA",2,455690.209991775,"kt"
2013,"CO2","TRA",3,504514.161062322,"kt"
2013,"CO2","TRA",4,488239.510705473,"kt"
2013,"CO2","TRA",5,504514.161062322,"kt"
2013,"CO2","TRA",6,488239.510705473,"kt"
2013,"CO2","TRA",7,504514.161062322,"kt"
2013,"CO2","TRA",8,504514.161062322,"kt"
2013,"CO2","TRA",9,488239.510705473,"kt"
2013,"CO2","TRA",10,504514.161062322,"kt"
2013,"CO2","TRA",11,488239.510705473,"kt"
2013,"CO2","TRA",12,504514.161062322,"kt"
2013,"CO2","SLV",1,4226.55617409112,"kt"
2013,"CO2","SLV",2,3817.5346088565,"kt"
2013,"CO2","SLV",3,4226.55617409112,"kt"
2013,"CO2","SLV",4,4090.21565234625,"kt"
2013,"CO2","SLV",5,4226.55617409112,"kt"
2013,"CO2","SLV",6,4090.21565234625,"kt"
2013,"CO2","SLV",7,4226.55617409112,"kt"
2013,"CO2","SLV",8,4226.55617409112,"kt"
2013,"CO2","SLV",9,4090.21565234625,"kt"
2013,"CO2","SLV",10,4226.55617409112,"kt"
2013,"CO2","SLV",11,4090.21565234625,"kt"
2013,"CO2","SLV",12,4226.55617409112,"kt"
2013,"CO2","WST",1,10531.8190628943,"kt"
2013,"CO2","WST",2,9512.61076648515,"kt"
2013,"CO2","WST",3,10531.8190628943,"kt"
2013,"CO2","WST",4,10192.0829640912,"kt"
2013,"CO2","WST",5,10531.8190628943,"kt"
2013,"CO2","WST",6,10192.0829640912,"kt"
2013,"CO2","WST",7,10531.8190628943,"kt"
2013,"CO2","WST",8,10531.8190628943,"kt"
2013,"CO2","WST",9,10192.0829640912,"kt"
2013,"CO2","WST",10,10531.8190628943,"kt"
2013,"CO2","WST",11,10192.0829640912,"kt"
2013,"CO2","WST",12,10531.8190628943,"kt"
2013,"CO2","SHP",1,77557.364896386,"kt"
2013,"CO2","SHP",2,66553.4746226841,"kt"
2013,"CO2","SHP",3,81327.2950941469,"kt"
2013,"CO2","SHP",4,78069.8288073861,"kt"
2013,"CO2","SHP",5,82082.6075417713,"kt"
2013,"CO2","SHP",6,76342.5411637231,"kt"
2013,"CO2","SHP",7,84422.4445094836,"kt"
2013,"CO2","SHP",8,85581.961033248,"kt"
2013,"CO2","SHP",9,81473.2837495247,"kt"
2013,"CO2","SHP",10,87583.2608916617,"kt"
2013,"CO2","SHP",11,85277.7297845806,"kt"
2013,"CO2","SHP",12,86167.9522943568,"kt"
2013,"CO2","RCO",1,475054.256338308,"kt"
2013,"CO2","RCO",2,363545.714042547,"kt"
2013,"CO2","RCO",3,323252.450151233,"kt"
2013,"CO2","RCO",4,215204.140817986,"kt"
2013,"CO2","RCO",5,192229.506453919,"kt"
2013,"CO2","RCO",6,181389.403897021,"kt"
2013,"CO2","RCO",7,191771.781332608,"kt"
2013,"CO2","RCO",8,190744.682481804,"kt"
2013,"CO2","RCO",9,181236.809519427,"kt"
2013,"CO2","RCO",10,212826.678566393,"kt"
2013,"CO2","RCO",11,287907.790844562,"kt"
2013,"CO2","RCO",12,444231.073902545,"kt"
2014,"CO2","AGR",1,0,"kt"
2014,"CO2","AGR",2,0,"kt"
2014,"CO2","AGR",3,0,"kt"
2014,"CO2","AGR",4,0,"kt"
2014,"CO2","AGR",5,0,"kt"
2014,"CO2","AGR",6,0,"kt"
2014,"CO2","AGR",7,0,"kt"
2014,"CO2","AGR",8,0,"kt"
2014,"CO2","AGR",9,0,"kt"
2014,"CO2","AGR",10,0,"kt"
2014,"CO2","AGR",11,0,"kt"
2014,"CO2","AGR",12,0,"kt"
2014,"CO2","ENE",1,1399227.7551584,"kt"
2014,"CO2","ENE",2,1221764.02072016,"kt"
2014,"CO2","ENE",3,1321811.51137491,"kt"
2014,"CO2","ENE",4,1253848.39835969,"kt"
2014,"CO2","ENE",5,1288369.56287207,"kt"
2014,"CO2","ENE",6,1254414.29826953,"kt"
2014,"CO2","ENE",7,1311440.04957137,"kt"
2014,"CO2","ENE",8,1306665.24426047,"kt"
2014,"CO2","ENE",9,1242325.34178818,"kt"
2014,"CO2","ENE",10,1295718.1606447,"kt"
2014,"CO2","ENE",11,1278038.53169302,"kt"
2014,"CO2","ENE",12,1380366.64243386,"kt"
2014,"CO2","IND",1,822006.225164877,"kt"
2014,"CO2","IND",2,745238.632850423,"kt"
2014,"CO2","IND",3,780052.033007701,"kt"
2014,"CO2","IND",4,760849.201095923,"kt"
2014,"CO2","IND",5,724819.254927878,"kt"
2014,"CO2","IND",6,685607.67575115,"kt"
2014,"CO2","IND",7,685944.466833078,"kt"
2014,"CO2","IND",8,708461.264942854,"kt"
2014,"CO2","IND",9,679647.538856227,"kt"
2014,"CO2","IND",10,747336.053037654,"kt"
2014,"CO2","IND",11,757869.132648462,"kt"
2014,"CO2","IND",12,825085.629227254,"kt"
2014,"CO2","TRA",1,508323.283184732,"kt"
2014,"CO2","TRA",2,459130.707392661,"kt"
2014,"CO2","TRA",3,508323.283184732,"kt"
2014,"CO2","TRA",4,491925.757920708,"kt"
2014,"CO2","TRA",5,508323.283184732,"kt"
2014,"CO2","TRA",6,491925.757920708,"kt"
2014,"CO2","TRA",7,508323.283184732,"kt"
2014,"CO2","TRA",8,508323.283184732,"kt"
2014,"CO2","TRA",9,491925.757920708,"kt"
2014,"CO2","TRA",10,508323.283184732,"kt"
2014,"CO2","TRA",11,491925.757920708,"kt"
2014,"CO2","TRA",12,508323.283184732,"kt"
2014,"CO2","SLV",1,4260.93038121431,"kt"
2014,"CO2","SLV",2,3848.58227980647,"kt"
2014,"CO2","SLV",3,4260.93038121431,"kt"
2014,"CO2","SLV",4,4123.48101407836,"kt"
2014,"CO2","SLV",5,4260.93038121431,"kt"
2014,"CO2","SLV",6,4123.48101407836,"kt"
2014,"CO2","SLV",7,4260.93038121431,"kt"
2014,"CO2","SLV",8,4260.93038121431,"kt"
2014,"CO2","SLV",9,4123.48101407836,"kt"
2014,"CO2","SLV",10,4260.93038121431,"kt"
2014,"CO2","SLV",11,4123.48101407836,"kt"
2014,"CO2","SLV",12,4260.93038121431,"kt"
2014,"CO2","WST",1,10945.0190854456,"kt"
2014,"CO2","WST",2,9885.82369007993,"kt"
2014,"CO2","WST",3,10945.0190854456,"kt"
2014,"CO2","WST",4,10591.9539536571,"kt"
2014,"CO2","WST",5,10945.0190854456,"kt"
2014,"CO2","WST",6,10591.9539536571,"kt"
2014,"CO2","WST",7,10945.0190854456,"kt"
2014,"CO2","WST",8,10945.0190854456,"kt"
2014,"CO2","WST",9,10591.9539536571,"kt"
2014,"CO2","WST",10,10945.0190854456,"kt"
2014,"CO2","WST",11,10591.9539536571,"kt"
2014,"CO2","WST",12,10945.0190854456,"kt"
2014,"CO2","SHP",1,78276.4255572172,"kt"
2014,"CO2","SHP",2,67170.5144809456,"kt"
2014,"CO2","SHP",3,82081.3080577403,"kt"
2014,"CO2","SHP",4,78793.6406951187,"kt"
2014,"CO2","SHP",5,82843.6232634966,"kt"
2014,"CO2","SHP",6,77050.3387812938,"kt"
2014,"CO2","SHP",7,85205.1536541158,"kt"
2014,"CO2","SHP",8,86375.4204492302,"kt"
2014,"CO2","SHP",9,82228.6502235055,"kt"
2014,"CO2","SHP",10,88395.2750380764,"kt"
2014,"CO2","SHP",11,86068.3685693692,"kt"
2014,"CO2","SHP",12,86966.8446342659,"kt"
2014,"CO2","RCO",1,471534.748768221,"kt"
2014,"CO2","RCO",2,360749.257712853,"kt"
2014,"CO2","RCO",3,320622.277441193,"kt"
2014,"CO2","RCO",4,214251.293992013,"kt"
2014,"CO2","RCO",5,192331.003007074,"kt"
2014,"CO2","RCO",6,181551.613472538,"kt"
2014,"CO2","RCO",7,191903.915684822,"kt"
2014,"CO2","RCO",8,190878.863775944,"kt"
2014,"CO2","RCO",9,181388.378362464,"kt"
2014,"CO2","RCO",10,212376.446133232,"kt"
2014,"CO2","RCO",11,285962.871224874,"kt"
2014,"CO2","RCO",12,440844.023781131,"kt"
